reviewerID,asin,reviewerName,helpful,reviewText,overall,summary,unixReviewTime,reviewTime,day_diff,helpful_yes,total_vote
A3SBTW3WS4IQSN,B007WTAJTO,,"[0, 0]",No issues.,4.0,Four Stars,1406073600,2014-07-23,138,0,0
A18K1ODH1I2MVB,B007WTAJTO,0mie,"[0, 0]","Purchased this for my device, it worked as advertised. You can never have too much phone memory, since I download a lot of stuff this was a no brainer for me.",5.0,MOAR SPACE!!!,1382659200,2013-10-25,409,0,0
A2FII3I2MBMUIA,B007WTAJTO,1K3,"[0, 0]",it works as expected. I should have sprung for the higher capacity.  I think its made a bit cheesier than the earlier versions; the paint looks not as clean as before,4.0,nothing to really say....,1356220800,2012-12-23,715,0,0
A3H99DFEG68SR,B007WTAJTO,1m2,"[0, 0]","This think has worked out great.Had a diff. bran 64gb card and if went south after 3 months.This one has held up pretty well since I had my S3, now on my Note3.*** update 3/21/14I've had this for a few months and have had ZERO issue's since it was transferred from my S3 to my Note3 and into a note2. This card is reliable and solid!Cheers!",5.0,Great buy at this price!!!  *** UPDATE,1384992000,2013-11-21,382,0,0
A375ZM4U047O79,B007WTAJTO,2&amp;1/2Men,"[0, 0]","Bought it with Retail Packaging, arrived legit, in a orange envelope, english version not asian like the picture shows. arrived quickly, bought a 32 and 16 both retail packaging for my htc one sv and Lg Optimus, both cards in working order, probably best price you'll get for a nice sd card",5.0,best deal around,1373673600,2013-07-13,513,0,0
A2IDCSC6NVONIZ,B007WTAJTO,2Cents!,"[0, 0]",It's mini storage.  It doesn't do anything else and it's not supposed to.  I purchased it to add additional storage to my Microsoft Surface Pro tablet which only come in 64 and 128 GB.  It does what it's supposed to and SanDisk has a long standing reputation that speaks for itself.,5.0,Not a lot to really be said,1367193600,2013-04-29,588,0,0
A26YHXZD5UFPVQ,B007WTAJTO,2K1Toaster,"[0, 0]",I have it in my phone and it never skips a beat. File transfers are speedy and have not had any corruption issues or memory fade issues as I would expect from the Sandisk brand. Great card to own. Why entrust your precious files to a slightly cheaper piece of crap? If you lose everything can you forgive yourself for not spending the extra couple bucks on a trusted product that goes through good QA?,5.0,Works well,1382140800,2013-10-19,415,0,0
A3CW0ZLUO5X2B1,B007WTAJTO,"35-year Technology Consumer ""8-tracks to 802.11""","[0, 0]",It's hard to believe how affordable digital has become. 32 GB in a device one quarter the sie of postage stamp would have been science fiction less than a generation ago.I picked this up for portable music when I didn't want to schlep (or risk) a phone or iPod. Works great with all SD card readers.Select with confidence.,5.0,32 GB for less than two sawbucks...what's not to like?,1404950400,2014-10-07,62,0,0
A2CYJO155QP33S,B007WTAJTO,4evryoung,"[1, 1]","Works in a HTC Rezound.  Was running short of space on a 64GB Sandisk so I ordered this when it came out, fast and no issues.",5.0,Loads of room,1395619200,2014-03-24,259,1,1
A2S7XG3ZC4VGOQ,B007WTAJTO,53rdcard,"[0, 0]","in my galaxy s4, super fast card, and am totally happy, not happy having to still type to fill the required words though",5.0,works great,1381449600,2013-11-10,393,0,0
A1RTQROTWR5NCB,B007WTAJTO,808TREX50,"[0, 0]","I like this SD Card because it can take music video downloads, personal videos, files,docs, and multimedia images with a fast transfer rate of Class 10 speed. It can take games with large files very easily and still have enough space for apps. It&#34;s great for video cameras and camcorders with the supplied adapter. Fits very easily into smartphones and tablets SD Card slots. I recommend this 32GB SD Card to everyone.",5.0,32GB MicroSD Card.,1368230400,2013-11-05,398,0,0
A2Q3ICGWZLY3JJ,B007WTAJTO,98020,"[0, 0]","It works, but file writes are a bit slower than expected on a USB3 reader.Also, both reads and writes are FASTER with the card inside the standard-size SD adapter (15 MB/s vs 10 write; 45 MB/s vs 22 MB/s read) on the same card reader.  Can't figure why...",3.0,"It works, but not as fast as expected",1384905600,2013-11-20,383,0,0
AN2VFTXYW1SZU,B007WTAJTO,9z4cda,"[0, 0]",THE NAME OF ITSELF SPEAKS OUT. GO SANDISK GO!,5.0,A RENOUND NAME BRAND,1404432000,2014-04-07,245,0,0
AVHN134ADVP4R,B007WTAJTO,"A4Q96 ""Gadget Lover""","[0, 0]","Solid SDHC card that is fast (at reading and writing) fast (for recording video and pics), has great capacity, and is reasonably priced. I have had no issues with it.Overall, highly recommend.",5.0,Great SDHC card,1384992000,2013-11-21,382,0,0
A3EA7KGYC8LB0,B007WTAJTO,"Aaron ""Aaron""","[0, 0]","Heard that the card's write speed is insufficient, however I have used it extensively and haven't had a single problem with it!!",5.0,Use it for my GoPro Hero 3+ Black,1392595200,2014-02-17,294,0,0
A29RI184HRX66H,B007WTAJTO,"Aaron ""Aaron""","[0, 0]","I bought this to use with my go pro hero 3 black edition. It requires a class 10 MicroSDXC card. So far I've had no issues with it. Fast read/write, came with adapter, small packaging, but that's all it needed! Comes with a nice hard plastic case to keep both dry and together if needed.",5.0,"Awesome price, great brand name",1357257600,2013-04-01,616,0,0
A2G9ZHVA6IOGBY,B007WTAJTO,Aaron Alvarez,"[0, 0]",got this because i had a 2 GB one that filled up. i kept getting the insufficient disk space on my phone. my kids take my phone and do selfies. mostly my daughter. I had to get a bigger card. the 2GB one was a carry over from an old phone.needless to say this was sweet. plenty of space. and i dont have to delete pictures anymore. well for now at least.my daughter loves selfies.,5.0,great price. fast,1393718400,2014-02-03,308,0,0
A1OATGH4DF0RF0,B007WTAJTO,Aaron F. Virginie,"[0, 1]","Class 10 Speed Rating for Seamless Full HD VideoThe SanDisk Ultra UHS-I card features a Class 10 and UHS Speed Class 1 (U1) rating, the highest video performance available for recording uninterrupted Full HD** video.Flawless App PerformanceThis card can retrieve stored data almost instantly, thanks to its up to 30MB/s read capability and fast bus interface. The SanDisk Ultra microSDHC and microSDXC UHS-I cards offer faster app loading and smoother, more fluid app performance.Storage Capacities Up to 64GBThis card has plenty of room to accommodate Full HD videos, MP3s, apps, and other memory-intensive mobile files. Available in sizes up to 64GB, it can store all the apps, music, and video you want.Android App for Easy File ManagementThe included SanDisk Memory Zone app lets you easily view, access, and backup all of your digital files from your phone's memory, additional memory card, and cloud service all in one convenient place. Using the app, you can easily move files from your card to a number of cloud storage services.Durable DesignSanDisk Ultra UHS-I memory cards can capture memories from -13 to 185 degrees Fahrenheit with a shockproof, waterproof, and X-ray-proof design. Your mobile device may not survive, but your SanDisk memory card will.",5.0,Get Fast Load Times,1372896000,2013-04-07,610,0,1
A1V6CQACZ9IOLC,B007WTAJTO,Aaron Graves,"[0, 0]",The read and write speeds are better than the Samsung SD card that I had previously. I would not hesitate to buy another one of these great Micro SD cards from SanDisk. I also own their Clip plus MP3 player and it works very well. I think I'm becoming a fan of the SanDisk products.,5.0,Very good little Micro SD card,1398988800,2014-02-05,306,0,0
A2ELBSIZ26GKM2,B007WTAJTO,Aaron,"[0, 0]",This works with the NL1520.  No video stuttering like with the 64gb.  Blah blah blah blah to fill in the rest.,5.0,works,1389052800,2014-07-01,160,0,0
A6AL9BZ0JALUP,B007WTAJTO,Aaron,"[0, 0]",Works as expected.  High transfer speed.  Nice to have extra microSD adapters lying around since I always seem to misplace them.  Mainly bought it to use in my Nikon DSLR since I can put the card directly into my (CM modded) Nook HD+ tablet in the field and view my images on a larger screen.,5.0,Works,1382832000,2013-10-27,407,0,0
A80SHWURCS1KD,B007WTAJTO,Aaron,"[0, 0]","Works great in a Samsung Galaxy S3.  Formatted straight away, full size there.  I can't really tell the speed difference between this one and a slower card it replaced.  I guess the IO in the phone can't take advantage.",5.0,Good with Galaxy S3,1388275200,2013-12-29,344,0,0
ATSVUBE2115N1,B007WTAJTO,Aaron Madden,"[0, 0]",SanDisk never disappoints. As always SanDisk products are worth every penny. Nice product and quality and works great. I recommend this product to everyone.,5.0,Never disappoints,1383609600,2013-05-11,576,0,0
A3R54B4AFAV3PD,B007WTAJTO,aaron mckaig,"[0, 0]","Good price, works flawless in my Samsung S4! Normal SanDisk quality! That is why I go with this brand and only this brand..",5.0,Great,1396569600,2014-04-04,248,0,0
A243XIFG20QRQW,B007WTAJTO,Aaron Nash,"[0, 0]",San disk is hard to beat.  You will pay more for the brand but you get a quality product.  Would purchase again.,5.0,Perfect,1395532800,2014-03-23,260,0,0
A9DQ4Q5LPUCYJ,B007WTAJTO,Aaron Smith,"[0, 0]",Installed in my Blackberry Q10 SQN100-1 and formatted. Works just fine. Plenty of storage space for pictures and videos of my son at the park.,5.0,It does the job.,1390867200,2014-01-28,314,0,0
A1U9QJQW3XPRL2,B007WTAJTO,Aaron T. Swain,"[1, 2]","I just received my card, it is the class 10 64GB with the correct serial#SDSDQUA-064G-A11A. I received it in an unopened SanDisk packaging. I am going to use it on my HTC Rezound, I hope it works. From what I have read, it will work after reformatting the disk. I will update this review if I have any issues using it, if not, my rating will remain unchanged...",5.0,64 GB,1343260800,2012-07-26,865,1,2
A3PIINTTBEA5C3,B007WTAJTO,A. Atkinson,"[0, 0]","Stuck it in my S2, formatted in settings, works great! Already filled with music, pics and videos...  Get this card, format it right, and you'll have no problems.  If your phone won't do it right, should have got a Samsung! haha...",5.0,Perfect and Fast in my S2!!,1353456000,2012-11-21,747,0,0
A2U4VW7FAB7W9A,B007WTAJTO,ABailey8833,"[1, 1]","I purchased two of these one for my Samsung tablet and one for my samsung galaxy note. Great hardware that is truly speedy, responsive and meets my needs!",5.0,Great product!,1356652800,2012-12-28,710,1,1
ADAVEDQ2BK3XE,B007WTAJTO,abbadon,"[0, 0]","As advertised, specs match.  As long as the device you as using it in can handle it (i.e. USB 3.0, not some crapple bs) it delivers the advertised speed.  P.S. The speed is READ, not WRITE, but you knew that, right?",5.0,Works.,1382659200,2013-10-25,409,0,0
A25TM6Q7ROIR0Y,B007WTAJTO,ABC317,"[0, 0]",This item is great!  I can't believe how small it is.  Imagine 64gb this size back in the 70's when they had whole buildings full of computers that couldn't pack this much space!  Great item.,5.0,Great Product!!!,1381881600,2013-10-16,418,0,0
A2QVJ0I3RAQHTS,B007WTAJTO,Abdul Purnell Askew SR,"[0, 0]","I've been trying for a while to get a hold of a 32GB Micro SD for my phone and tablet.  It's pretty fast compared to the 16GB cards I've been using.  I really saw the performance boost with my phone, which I have many apps, pictures, music, and other documents on.  The phone boots fully stable in about 2 mins as apposed to 5-6 mins.  My computer also can write to these cards much faster than the 16GB ones I was using.  If you phone, tablet or any other device can support it I recommend you purchase these.  Also you pay like half the price using Amazon as opposed to other retail stores who's price is at least double or more.  I've seen these same cards going for about $72 in my area.",5.0,Great Micro SD card,1365984000,2013-04-15,602,0,0
AF24M1HKIZ7QC,B007WTAJTO,"Abdulrahman J. Alrashed ""dr34m3r""","[0, 0]","I bought 2 of those SanDisk 32 GB microSD , used them on my Galaxy Note and Galaxy S4First one , my phone started saying it was removed , then recognize it again :) then diedI thought it's just a luck , plugged in the 2nd one :) stayed for about 2 months and died suddenly ! and lost everythingnever buying from SanDisk again .. ever",1.0,Bought 2 :) Died,1375488000,2013-03-08,640,0,0
A1KIF9Z5VFPH7H,B007WTAJTO,"Abel Feliciano ""Ace Master""","[0, 0]",The memory card is an excellent condition and work as described. Dependable and easy to use. An excellent choice for the enthusiast who requires more storage.,4.0,Excellent product.,1347321600,2012-11-09,759,0,0
A747BB4QM2SWW,B007WTAJTO,A. Bell,"[0, 0]",I've got a couple of these in varying sizes. I've had no problems and no complaints about speed. I always end up buying more because the prices are so low for what you get.,5.0,several sizes. zero issues.,1376784000,2013-08-18,477,0,0
A228CMRTDIS8S9,B007WTAJTO,A. Berrios,"[0, 0]",I only had 8 gigs of memory on my Note 2 and was running out of room. Now I have so much memory space available I don't know what to do with it.,5.0,Great card,1399680000,2014-10-05,64,0,0
A2OP1LOKO6P5W4,B007WTAJTO,Abe The Babe,"[0, 0]",Bought it for my Surface Pro. I've had it in there for a few months and I've had no problems. Very fast and stable.,5.0,Works great!,1375142400,2013-07-30,496,0,0
AKVRSGKPY2C4R,B007WTAJTO,Abhi gautam,"[1, 1]",I would recommend this card to everyone.Data Transfer speeds - excellent with this card on my Galaxy S2.  Didn't need to format the card or anything. I am 100% satisfied.,5.0,100% satisfied. Recommend to all.,1349568000,2012-07-10,881,1,1
A1FKE13D77L3Y3,B007WTAJTO,Abraham Arturo Meza Marin,"[0, 0]","I bougth this micro SD card after some trubles with other that i got from Kingston, i can tell that SanDisk is other quality, this is the best, my i9300 phone can read a 64GB very fast, the dta transfer speed from my pc to my is amazing, if you are looking for additional storage to you phone, for music, pictures and other type of files, this is for you.Pros-Very good quality materials of construction-Amazing speedUpdate after one year this memory is damaged I can not delete or put new files on it, I can not format this memory, I tried to format with my phone, with my pc, with a camera and nothing, now this is like a 64gb cd, the data in the memory is only available to read but I can not move, or delete it, I bought this memory to be used to backup all my data of my android device but now is only a readable memory I can not write data on it any more, I hope sandisk make a better products in the future!!! Total disagree I will buy a Samsung memory card expected a better quality.",1.0,Stop working after 1 year,1361232000,2013-02-19,657,0,0
A31SZHOH3EMTVF,B007WTAJTO,Abraham,"[0, 0]","Using this in a contout gps camera,  don't waste your time buying any other brand it will be a waste. Buy the best to start with.",5.0,crazy fast,1376265600,2013-12-08,365,0,0
A3433V6H1NDFGP,B007WTAJTO,"Abraham Kovler ""ripvanlink""","[0, 0]","This is a fantastic little drive, has all the gigabytes it says, works in all ways I can discern and I use it to hold the flac recordings I play on my excellent Fiio X5 digital audio player. This is the real thing and not one of the fakes that, evidently, are out there.",5.0,This is a fantastic little drive,1404864000,2014-09-07,92,0,0
A27PGCCMGJSH3X,B007WTAJTO,Abram Vargas,"[0, 0]","I am very happy with this Micro SD.  I could tell the difference in the response time in my BB curve as well as my Asus tablet.  If you want something that can transfer files Photos, Videos, and Music faster this is the Micro SD card for you. Now I will say this there are faster cards out there but not at this price.  This does the trick for my devices.  Now it you are a Professional Photographer you might want to go with the Ultra 3 Micro SD but if you are an everyday user this will work wonders for you device.",5.0,Verry happy,1344816000,2012-08-13,847,0,0
A28PQ9EX1MDCXP,B007WTAJTO,A. Brattoli,"[0, 0]","I've purchased several of these little babies over the years, and I always buy SanDisk. I've never had one fail, the price is great for the amount of storage you get.",5.0,SanDisk quality,1394409600,2014-10-03,66,0,0
A1X1FX3NSOFCT3,B007WTAJTO,"Abused Commuter ""abused_commuter""","[0, 1]","Ordered this for a Galaxy S3.  Lasted a few months and then broke.  Is not accessible on several different PC's.Says ""limited lifetime"" warranty - BS.  You have ONE MONTH for Eco Zone.  Not only did I lose pictures but now I am out $$ because of a crappy return policy.In the future I will be buying Kingston, not Sandisk.-----------------Update:  Amazon Customer service made good and refunded my purchase price.  I still will not be buying any more Sandisk memory cards however...",1.0,Beware... goes bad and takes your pics with it,1374278400,2013-07-20,506,0,1
A3RV1L35IPTV61,B007WTAJTO,abushaheed,"[0, 0]","more like 8mb/s in my Note 10.1 and that's using SanDisk's own app. A bit faster in my Note II, but still a disappointment for devices with quad core processors. Not sure if it's the card or the device, so benefit of the doubt and four stars.",4.0,Not bad,1357430400,2013-06-01,555,0,0
A2RRKGVZR7YSNJ,B007WTAJTO,"A. Bystricky ""Tony B.""","[0, 0]","not much to say other than plug and play, good quality and fits a lot of video ...good good good",5.0,good,1392595200,2014-02-17,294,0,0
AGX2K0FMS0IVL,B007WTAJTO,AC500Driver,"[0, 0]","A new camcorder required fast SD (micro) and SanDisk products have always provided first class service, so the extra cost is well worth it.",5.0,"Fast, very fast",1396483200,2014-03-04,279,0,0
A32WSJTH8ZWZC4,B007WTAJTO,"A. Carr ""game hater""","[0, 0]","This tiny marvel does what it claims.  The only possible problem is that it is SO small that you may lose it if you happen to drop it during handling.  But with 16 GB capacity, you won't be handling it often.",5.0,"Very small, huge capacity",1398729600,2014-04-29,223,0,0
AQKJYY46WQWO7,B007WTAJTO,acballer,"[0, 0]",It does the job and the price was right. It came quickly so I'm very happy for the purchase.  I would recommend it and would but it again.,5.0,Works great,1390089600,2014-01-19,323,0,0
A2RJ7DAL63MN1F,B007WTAJTO,Ace of Sevens,"[0, 0]","I used this for a few months in my phone, then it decided to quit mounting. I lost some pictures of pets who died shortly after. I got a replacement card, but I had to send in the old one, giving up any chance of recovering its contents. The new one's worked fine, but failing after 3 months in inexcusable.",2.0,Worked for a few months,1391126400,2014-01-31,311,0,0
A7IRR3TLZK2C5,B007WTAJTO,ac,"[0, 0]","A memory card either works or it doesn't. This was always going to be a one star or five star review - no middle ground.The adapter is a nice bonus too, though I don't think I have anything to use it with.",5.0,"It works, what else is there?",1374364800,2013-07-21,505,0,0
AVVG2XSQM9W4C,B007WTAJTO,AC,"[0, 0]","I purchased this card to use in my ContourROAM2 and it works great.  All I had to do was put the card in the camera, format it, and I was good to go.  It allows me to easily record hours of 720p/60fps video without running out of space or slowing down.",5.0,Great MicroSDHC Card,1358121600,2013-01-14,693,0,0
AGA9831VH03YG,B007WTAJTO,A. Chock,"[0, 0]",Upgraded from 32GB to 64GB card for my Galaxy Note phone.  Looks like it works fine and has full capacity.  Good product.,5.0,Works fine in my Galaxy Note phone from AT&T,1356652800,2012-12-28,710,0,0
A3IJIFZ5HH819V,B007WTAJTO,A. Cho,"[0, 0]","everything about it was great, except for the adapter.  It was to tight i had to use a tool to take it back out of the adapter causing me to chip it. so my fault i guess, but i also bought a 16gb version and the adapter for that one was fine.",4.0,Great but...,1373414400,2013-10-07,427,0,0
A1M1BDJBIS2KUJ,B007WTAJTO,a_compulsive_reader,"[0, 0]","Liked the first one I purchased so much, I bought a second one. Very, very fast read and write speeds at a good price, plus SanDisk has the best software and device compatibility.  Forget thumb drives - this is your most flexible, durable option.  Use direct in your tablet or smart phone and/or buy a decent usb card reader you can load this in and, voila, instant super-speedy, upgradeable thumb drive.  Works great in my tablet and in my newer card reader - and still kicks the butt of every thumb drive I know of even when used with my old plastic USB 2.0 card reader held together with scotch tape, lol.  Have purchased several microSD cards since they first came out, from 2GB to 32GB, and all still work fine - I cannot say the same re the thumb drives I purchased during that same time period.One point - beware of counterfeits.  Samsung is the number one brand so, unfortunately, they get counterfeited a LOT.  So check reviews and only buy from a reliable seller.  I suggest buying direct from Amazon (or Memory Mogul) - I have purchased from both with no issues.",5.0,"Fast, reliable, compatible, buy it direct from Amazon or Memory Mogul to avoid counterfeits",1385164800,2013-11-23,380,0,0
A33S8906845ZOM,B007WTAJTO,acondie13,"[0, 0]",Really you can't say anything bad about it. Does what it says. Super fast and great storage size for lots of movies and such.,5.0,Works as advertised with no problems whatsoever.,1394928000,2014-03-16,267,0,0
A1R0JMNRV7HVQM,B007WTAJTO,ACZ,"[0, 0]","Used in my phone it's plenty fast and works just like it should. Unexpectedly comes with mini and full SD card size adapters, which is nice. &#34;Fool-proof&#34; packaging or whatever it was, that was laughable. Packaging was decent it just shouldn't have bragged about being impossible to mess up when I messed it up.",4.0,Works just like it should in my phone,1383609600,2013-05-11,576,0,0
AISPK12EZ1YKZ,B007WTAJTO,adam,"[0, 0]",This is just the standard micro SD card i would recommend this to anyone. i purchased this for my dad who is using it to expand the memory on his tablet! it shipped fast and is a slight bit cheaper than in the stores i believe.,5.0,just the standard micro sd,1389139200,2014-08-01,129,0,0
A1Q0TKY4A5NBFW,B007WTAJTO,Adam J. Hanson,"[0, 0]","I ordered this for my new Samsung Galaxy note II, and it works awesome! Installed it, and had no problems. I loaded all my music on it, and didn't even scratch the surface of the capacity of this card! I shouldn't ever have to worry about running outta room with this card. Highly recommended for any smartphone user!",5.0,Awesome micro sd card for smartphone.,1359244800,2013-01-27,680,0,0
A1839EV6FXY0KM,B007WTAJTO,"Adam J. Lomprey ""lompreya""","[0, 0]",Great Deal and much faster file movement.Definitely worth the purchase and sandisk has proved why they have good products.,5.0,Awesome!!!,1377561600,2013-08-27,468,0,0
AI1NJ92OUOM2V,B007WTAJTO,Adam M Barnes,"[0, 0]","You'll pay $10 more for these anywhere else. I was initially leery of buying another SD card on amazon. 4 years ago I did so, and the card was a fake (said it had 32 gigs when plugged into the computer, but you could only load about 11 onto it, and it would say &#34;full.&#34; Apparently there's a way to fool your computer into thinking there's more space than there is, and this is what the fake/counterfeit cards will do).Not so with this one. It's the real deal, genuine SanDisk, and contains as many GB as it says it does. I'm a very pleased customer.",5.0,Great product at a great price.,1392163200,2014-12-02,6,0,0
A2GZ925MLB71YJ,B007WTAJTO,Adam M.,"[0, 0]","Use this in my Samsung Galaxy S4.  Have had it for almost a year now, no problems, really expands your memory capabilities, easy enough to install.",5.0,Works well with Samsung Galaxy S4,1405209600,2014-07-13,148,0,0
A6K6Z2V4TUVZ7,B007WTAJTO,adam smith,"[0, 0]","32gb of storage for my new Asus tablet, what's not to love? I can't imagine paying more for the model with the upgraded storage, especially since it's usually like $100 more. This thing was cheap and works great.",5.0,Cheap and awesome.,1385424000,2013-11-26,377,0,0
A39H670PD32Z1X,B007WTAJTO,"Adam Sorenson ""Adam""","[0, 0]","excellent quality, excellent speed. no complaints here. very easy to use, reliable and the red stripe on the front makes it easy to find on a crowded desk",5.0,"excellent quality, excellent speed",1386806400,2013-12-12,361,0,0
APAEBFIM1588A,B007WTAJTO,"Adam Wright ""Electrical Engineer""","[1, 1]","This card advertises itself as UHS1 but it's actually UHS50.This means that it will not go up to SDR104 speeds/throughput.Not necessary bad, just false advertising.",3.0,only capable of doing DDR50/SDR50 max,1378684800,2013-09-09,455,1,1
A28OTEB0YBEUC,B007WTAJTO,Adan Montiel,"[0, 0]","Purchase for HP tablet to have more memory for music download, pictures, and video.  Have enough room to store and some memory left over.",5.0,HP tablet use,1391817600,2014-08-02,128,0,0
A1U2KXV5DYXXUM,B007WTAJTO,Adanna,"[0, 0]","Can there be anything wrong with a sandisk product?  the items read to it sooooo quickly, I am quite happy,",5.0,love it,1388707200,2014-03-01,282,0,0
A1OM05JSG2J1KB,B007WTAJTO,adavey,"[0, 0]",A lot of people want big memory which is fine. But you need to look at speed class. This one is class 10. Which is great when your taking pictures or video. It will not freeze because it can move the MB/s fast enough. Lesser speed cards will freeze or will say waiting for camera and you will miss the moment. Its also a Sandisk which is a name you can trust when it come to memory cards.,5.0,Great memory card!,1356048000,2012-12-21,717,0,0
A124DIYEKRO9EO,B007WTAJTO,Adeel Azhari,"[0, 0]","fast transfer rates, I downloaded about 2GB of videos form the card to my laptop through a card reader, all in about a minute",5.0,fast transfer rates,1373155200,2013-07-07,519,0,0
A6DF9OQYVGS8X,B007WTAJTO,adg44,"[0, 0]","There is something to be said about SanDisk. You plug it in and it just works. I've never had one be DOA or any memory issues throughout the years, both for my camera and storage products. I installed this in my Galaxy SIII and it recognized it right away and I was able to dump my music onto it. Speed seems great as well, no complaints.",5.0,"It works, like all SanDisk memory products",1353888000,2012-11-26,742,0,0
AR4KV2Q28151J,B007WTAJTO,A discerning buyer,"[0, 1]","How do I praise extra memory? It fills my MP3 player with every song my heart desires, the sound quality is perfect. The ease of use is superb. It's great.",5.0,"Good price, great product",1376956800,2013-08-20,475,0,1
A3C1GQH1ISWBE7,B007WTAJTO,Adrian,"[0, 0]","All though it states 16gig it only has 14.8gig available but I know that happens and expected it, keep this in mind if your wanting more storage you might want to order the 32gig card.  It was exactly what i expected and needed so no complaints.",5.0,Just as described,1354752000,2012-06-12,909,0,0
A2DWYIWF77NVSO,B007WTAJTO,Adrian,"[0, 0]","does the job as advertised.if you need extra memory on your phone/tablet or whatever device, this is bext buy(price/quality)",5.0,does the job.,1391990400,2014-10-02,67,0,0
A3I2T1ILN5WKSD,B007WTAJTO,"Adrianne Ayres ""Sabrina""","[0, 0]",Needed for my cell phone - works perfectly.  SanDisk has never been a disappointment in the 30 plus years I've been in IT/computer work.,5.0,SanDisk,1387152000,2013-12-16,357,0,0
A3RTEJFZK8KL5R,B007WTAJTO,A E D III,"[0, 0]","Priced right, this memory card also reads and writes fast. It's a noticeable difference over cheaper cards. I put it in my phone and plan to buy another one for my tablet.",5.0,Good deal!,1381449600,2013-11-10,393,0,0
A2KJY8F5O1U5D6,B007WTAJTO,A. Felson,"[1, 2]","works great on my sprint htc evo 4g lte.  Formatted w/ fat32 so of course the maximum file size is 4gb meaning no full length hidef movies.  However, this isn't a problem;  I bought the card for putting a music library on my phone.Like all class 10 micro-sdhc cards, it does NOT do 10MB/s, but it's closer than any other class 10 card I've ever tried.  Most do 3-4MB/s.  Kingston 32GB did 7MB/s.  This card does about 8-9MB/s.Can't wait till 128GB and 256GB cards become available and affordable.",5.0,works great with htc evo 4g lte,1350259200,2012-10-15,784,1,2
A1LP4NB5X34HF8,B007WTAJTO,A.Fenderson,"[3, 3]","**Update 6.24.14**My 128 GB card stopped allowing writes via any of my card-readers on a Windows PC--either when it was inside any of several full-size SD card adapters (with the write-protect tab in either position) or plugged directly into the microSD slot of the reader.  MicroSD cards have no write-protect tab, so I was quite surprised and worried by this.  After failing to find any workable solution by searching online, I finally put it in my Chromebook and created a new folder on it there, then stuck it back in my Windows PC and it no longer gave me a write-protect error.  If anyone has a similar problem, I'd recommend doing something similar by putting it in any other PC, laptop, camera, etc you have available and try writing to it there.----------------------------------------------This portion of my review is necessarily being written as an update to my original review of the 64 GB version of this card, since Amazon disallows multiple reviews for what they consider the same item.  This portion concerns the 128 GB version of this card:I don't need a fast card, so the speeds on this card were not that important, besides which my test PC is not exactly high-end. Therefore I didn't count off for the speed results I got below, using a USB 2.0 card adapter, but I thought they might be relevant to some readers. While the card did reach the Class-10 and/or UHS-I requirements, it came in at under 2/3 of the claimed ""read speeds up to 30 MB/s for fast file transfer.""  Then again, running on a second PC using a different USB 2.0 card reader, none of the speeds even hit 5 MB/s, so this seems to be highly system-dependent.I only just got the card this week, and so far it works on *select* SDXC-compatible devices and exFAT-compatible operating systems:  some SDXC-compatible devices, such as the Panasonic HDC-TM40, do not allow cards larger than 64 GB (for whatever reason); this was stated in the manual, and I've confirmed this card is recognized as broken/corrupt/unusable in that device, whereas 64 GB exFAT cards work fine.  The 128 GB works fine (with original exFAT formatting) in my Toshiba Excite 7.7 Android tablet, and (predictably) not at all in my non-SDXC-compatible Galaxy Note 2 (though it possibly would if reformatted to FAT32, since a 64 GB card in FAT32 works fine there).I'll update my review to reflect any problems, issues, etc that I notice in the coming days & weeks.-----------------------------------------------------------------------CrystalDiskMark 3.0.3 (C) 2007-2013 hiyohiyoCrystal Dew World : [url removed as per Amazon rules]-----------------------------------------------------------------------* MB/s = 1,000,000 byte/s [SATA/300 = 300,000,000 byte/s]Sequential Read : 18.694 MB/sSequential Write : 11.921 MB/sRandom Read 512KB : 18.502 MB/sRandom Write 512KB : 0.680 MB/sRandom Read 4KB (QD=1) : 3.339 MB/s [ 815.1 IOPS]Random Write 4KB (QD=1) : 1.581 MB/s [ 386.1 IOPS]Random Read 4KB (QD=32) : 3.151 MB/s [ 769.4 IOPS]Random Write 4KB (QD=32) : 1.564 MB/s [ 381.8 IOPS]Test : 1000 MB [G: 0.0% (0.0/119.1 GB)] (x5)Date : 2014/04/24 16:53:49OS : Windows XP Professional SP3 [5.1 Build 2600] (x86)-------------------------------------------------------------------------------------------------------------------------------The following is my original review of the 64 GB version of this card, published April 24, 2013:This is a high-quality card.  I've used it in a variety of devices, through multiple readers on different pcs, in an HD camcorder using a micro to full-sized SD adapter, and I've never once had a problem with it.  It even works at full capacity in *some* microSDHC-only devices once its reformatted to FAT32 (such as my SanDisk Clip+ FLAC player and supposedly even PSPs via a proper adapter, though I haven't yet tested my PSP).  I keep anticipating someone coming out with a card with equal or better capacity and speeds at a comparable price, but I haven't seen one yet.  If these were cheaper, I'd have several by now.Make sure your device can handle micro or full-sized SDXC cards, or is one of those rare gems that state they support only as high as SDHC but have been tested to work with SDXC cards such as this one once they've been manually reformatted to FAT32.",5.0,"128 GB and 64 GB versions great, but can't confirm speed claims outside of the Class ratings",1366761600,2013-04-24,593,3,3
A2NN1KIYEM2SKS,B007WTAJTO,AF,"[0, 0]","Works great in the phone and the wife loves it, we got a second for her mom and she is storing lots of pictures and videos on it",5.0,Works,1403395200,2014-06-22,169,0,0
A1B1F2MVZ2MZYJ,B007WTAJTO,A. Flores,"[0, 0]",I loaded this card up with home movies for my Samsung Galaxy Tab 2. The copy process from computer to card was fast. There are no skips in the movie quality and I have plenty of room left to go. Wish I had bought another for more collections.,5.0,Fast and Dependable,1359072000,2013-01-25,682,0,0
A13PWRAEW1WMG6,B007WTAJTO,A. Garcia,"[0, 0]","Bought this for my S3 and loaded it with 4 seasons of Futurama, 5 full length HD movies, several documentaries, and a dozen or so 30 minute comedy shows with plenty of room left over for pictures, etc...Only slight nitpick is when booting up into recovery mode on the S3 it will not recognize the card. Wanted to update the phone to the latest version of Android and it would not see it. Had to resort to a 2GB MicroSD I had laying around. That wasn't a SD card issue but I thought I would throw that in.",5.0,Great for movies on the go,1375056000,2013-07-29,497,0,0
AJVGREW8IXDGC,B007WTAJTO,Agean2010,"[0, 0]","I purchased this after my wife and I bought our Samsung Galaxy S4 to store all the music, pictures and videos.  The S4 camera is capable of capturing 16-megapixels photos so the 16GB microSD that I had will not suffice.  As a matter of fact I've already exhausted the remaining space on the card so this 64GB will allow me to take more photos (of our son).",5.0,Great storage media,1389052800,2014-07-01,160,0,0
AEIILE1PUV2W,B007WTAJTO,Aggies82,"[0, 0]","Great storage, has not failed yet after about a year of usage.",5.0,"Good, reliable storage for my Galaxy S4!",1404086400,2014-06-30,161,0,0
AY9S93OVP7MXD,B007WTAJTO,"A. Ghayyath ""AAG""","[0, 0]","Since the wife is using it and it is not causing any problems, then it must be functioning normally. Looks good so far.",5.0,"Wife is using, no complaints",1360108800,2013-06-02,554,0,0
A2C2LVTNNNPAMV,B007WTAJTO,A.G.,"[0, 0]",Class 10 speeds are the only way to fly and with 29.71GB of usable space I think I should be good for a while.,5.0,Fast and Full of Empty Space,1396742400,2014-06-04,187,0,0
A2EEM4XQKLPNRO,B007WTAJTO,"A. Gill ""Measure Twice, Cut Once""","[0, 0]","The subject says it all.  Does what it's supposed to do ... at a great price.  When it's on sale, buy it.",5.0,Great price.  Good Speed.  Reliable.,1353974400,2012-11-27,741,0,0
A16PH8I60IGM4F,B007WTAJTO,A. GONZALEZ MEDINA,"[0, 0]","Lot of questions about this memory card fitting the Samsung Galaxy Tab 3 10.1 tablet.  It fits and works no problem at all. The only thing is that after installing, instead of showing 64GB available, it only shows 59GB.Tried formatting the card but with same results.Have no idea if this is a limit set by the the Galaxy Tab 3 tablet, or is it just &#34;normal&#34; to buy 64GB and get less than that.As this is surely not a problem coming from the Sandisk memory card, my rating is a 5-STAR.  Excellent price, works great, and very quick delivery.",5.0,Works OK with the Samsung Galaxy Tab 3 10.1...,1392595200,2014-02-17,294,0,0
A39P69WIIWU2TI,B007WTAJTO,Agustin,"[0, 0]","When it comes to any kind of flash storage SanDisk has always been my go to brand because they sell quality items and stand by them if there's a problem. So as usual no complaints here, it works as descried and I haven't have any issues. Both read and write speeds are right where the specs say they should be.",5.0,Samsung Galaxy Tab 3 10.1,1395792000,2014-03-26,257,0,0
A388EEY36LRQNL,B007WTAJTO,Agustin Mangialavori,"[0, 0]","High speed, high capacity of storage. Great durability. I use in my phone and in my digital camera. Work very good",5.0,Great performance,1370908800,2013-11-06,397,0,0
AGQFB60B5A1E8,B007WTAJTO,A. Gutierrez,"[0, 0]",THis memory helps me to keep all what I want to keep on my cell phone.It is a good brand and its on the right price.,5.0,very useful,1398038400,2014-04-21,231,0,0
A1JOXGZH55JMHW,B007WTAJTO,A. Hejazi,"[0, 0]","I bought this SD card for my android phone thinking that a class 10 will be faster and more reliable than others. it turns out, the difference in class doesn't really matter at least for Android phones. didn't really worth the price difference",4.0,class doesn't really matter at least for Android phones,1386806400,2013-12-12,361,0,0
A292JUY8KQV3EB,B007WTAJTO,A.,"[0, 0]",The SanDisk 32GB Micro SD Class 10 is a reliable SD card with amazing transfer speeds. There is no noticeable lag transfering even the largest RAW images to it. Hadn't had any problem with it.,5.0,Great product,1365811200,2013-04-13,604,0,0
A35NR2GQWMQ31K,B007WTAJTO,ahhsimon,"[0, 0]",good card. work as describes. haven't had any issue with it or going pass metal detectors. no lost files or missing files.,4.0,good,1391644800,2014-06-02,189,0,0
ATZX92WLL9OK0,B007WTAJTO,Aileen Nguyen,"[0, 0]","Bought this to store music on my phone. Works flawlessly after three months so far, no problems.In my card reader, I average 6-8 megabytes read and write to it.",5.0,"Good, Cheap Card.",1395792000,2014-03-26,257,0,0
A837QPVOZ9YAD,B007WTAJTO,Airedad,"[15, 21]","I'm amazed.  I ordered this from Amazon on Tuesday morning, and it arrived with Wednesday's mail.  VERY impressive service from Amazon!As has already been reported, the card formats out to > 59 Gb, and it performs perfectly in my Samsung Galaxy S III (which is also new).  Using two card readers on a fast PC, I transferred everything from my old 16GB card to the new 64 GB card in less time than it took to walk to the kitchen and get a cup of coffee.  So I think the Class 10 rating is correct on the card.Once I have some experience with the card in the phone, I'll benchmark the card and I'll also benchmark operations such as internally backing up my Android phone to the card.  Then I'll update this review with some accurate numerical data.  But in the mean time on first look, the person who said that the S 3 has problems with anything faster than class 6 may not have been correct - a full backup of the phone to the card was significantly faster than the backup with the old 16GB class 6 card.  Again no benchmarks yet but once I have them I'll include them here.Right now I'm very happy with this card and I'm really impressed - both with the card and with the unbelievably quick service from Amazon (and I'm in Atlanta where shipments like this one often take the full 3 days to arrive).",5.0,Very fast class 10 card - and excellent service from Amazon,1343174400,2012-07-25,866,15,21
A1PKJZRYCZFIGJ,B007WTAJTO,ajb03,"[0, 0]","Excellent, one of the best, can't go wrong with this card, class 10 is necessary and shows noticeable but not significant improvements over class 4",5.0,great,1387756800,2013-12-23,350,0,0
AG7K6P2FN006,B007WTAJTO,ajb,"[4, 4]","I bought the 64GB MicroSD card at Best Buy because I needed one for my Microsoft Surface Pro. It provides all the space I need and for people who need a lot of space (videos, Quick Books, picture editing, games, etc.) this card is the one for you. If you don't need that much space, consider buying one for cheaper with a little less memory.NOTE: Be aware that this is a MicroSDXC format card. While most new computers support this format, many of the older computers do not (This includes all but a few tablets and smartphones). Before buying this, MAKE SURE your computer, tablet, or smartphone is compatible. If it is not, it will not work, period. For others who claim that the card doesn't work no matter what they try, chances are their machine cannot support MicroSDXC format.",5.0,"Great Quality, Plenty of Memory",1364169600,2013-03-25,623,4,4
A1N7LGUPJWWQS9,B007WTAJTO,A.J. Matheson,"[0, 0]","I got this because I just couldn't pass up the deal, $17.99. It has been incredibly fast in my HTC Sensation 4g. Pictures are taken and saved instantaneously. Only had it a few days, but have been very happy. Shipping was fast and the packaging was easy to open which is always great in my book. Only issue I had was I had to format it on my computer first before my phone was able to recognize it.",4.0,Fantastic!,1353888000,2012-11-26,742,0,0
A20MEC7JYD5U11,B007WTAJTO,A.J.O. From California,"[0, 0]","You get a lot of storage at a small price. the micro sd with adapter, class 10 so it's fast . I am happy with this purchase and You will be too. I hope this review is helpful!",5.0,Mucho Storage Poco Price!,1400889600,2014-05-24,198,0,0
ARMG4L2GLW25A,B007WTAJTO,A. J. Stavsky,"[0, 0]","The Ultra micro SDHC was fine once I got it working. Neither the packaging nor the Sansa Clip player inform the user that the player needs to be totally off before the microcard is inserted. If not, the unit will not read the card!  Otherwise? Love it and the storage for even 16 GB, let alone 32, is tremendous...",5.0,"Great item, but...user instructions could be better...",1385337600,2013-11-25,378,0,0
A1HXLQOYQB889P,B007WTAJTO,"AJZ ""~AZ""","[0, 0]",I upgraded to this after the price dropped. I originally had a 16gig sandisk card and it was in my mytouch 4g. I found toward my mytouch 4g's end of life that space is running low. So when I got my Galaxy S3 I bought this card. It works flawlessly. I highly recommend it. Now errors what so ever. Super fast transfer rate.,5.0,Huge storage!,1363219200,2013-03-14,634,0,0
A2CHQH95XQUY4E,B007WTAJTO,ak2012,"[0, 0]",This item was priced right and fit right into my cell phone without any issues. Does what it is suppose to do and I don't know what else I could say. Being a class 10 it is suppose to be plenty fast for cell phone use which I am sure speeds up camera use to some degree. Has worked well and the shipping was fast.,5.0,Sandisk Micro sd.,1366934400,2013-04-26,591,0,0
A2PZXXPGLXXKZU,B007WTAJTO,AK529,"[1, 1]","I got this memory card for my Samsung Galaxy S3. I was running out of room on my Sandisk 32gb Class 4 micro sd card. I also wanted a faster and more durable card. I was hopping to put lots of media on it. In addition to nandroid backups and custom roms. I later found out that since this card is formatted in ex-fat it would not work to make nandroid backups or flash custom roms. Most custom recovery and custom roms dont work with ex-fat. So my only choice was to format the card to fat 32, which meant I couldn't put any files larger than 4gb on it. Besides that this card is great and very reasonable price of $50. If your some one who doesn't root their phone or put custom roms, nandroid backups or put files larger than 4gb than this will not affect you. This memory card is fast and provides the most storage you can put on your mobile device at this time. The card is also water proof, shock proof and comes with lifetime warranty. Ive never had any issues with sandisk memory cards or usb flash drives. They last a really long time.",4.0,Very fast and lots of storage with one catch,1359936000,2013-04-02,615,1,1
A2V8LCUQZVJWTG,B007WTAJTO,A. Kaplan,"[0, 0]","Using the included adaptor on my MacBook Pro to transfer files, I was impressed with the speed of this card.",5.0,Huge! Fast!,1389052800,2014-07-01,160,0,0
A22AJJ6SRS7F3D,B007WTAJTO,"A. Kenneth Webster ""Ken Webster""","[0, 0]",Got this to store movies and music on my Samsung Note III.Not much to say about a memory card except that it works as expected.,5.0,Works in My Note III,1393977600,2014-05-03,219,0,0
AJEOFP6ZWY0MK,B007WTAJTO,A. Kim,"[0, 0]",I purchased this version to expand memory on my 16gb android tablet.  Nothing fancy but it does the job.  No problems and it played back flawlessly all the files I transferred.There are so many different microSD cards out now but if you see this on sale then you might want to consider it instead of cheaper no-name brand.,5.0,Good for the money,1388620800,2014-02-01,310,0,0
A1K3GIMTM7F9CY,B007WTAJTO,A. Kinney,"[0, 0]",I've ordered other SD cards before but this one is the best overall. Shipping was excellent fast and reliable. I would recommend it to anyone who is looking for a quality product. Thanks again!,5.0,More memory than I thought!,1389052800,2014-07-01,160,0,0
A3OJ4FW7C5OJ97,B007WTAJTO,akisadr,"[0, 0]",I use this for my phone and it works just as it should and it was totally worth the money! Great place to store pictures and music for phones instead of using the phone memory so it will still run fast.,5.0,SanDisk,1381104000,2013-07-10,516,0,0
AEOKL03H269BU,B007WTAJTO,Alaa S. AL Sinan,"[0, 0]","I bought two of these one for Asus infinity and one for Samsung galaxy s3 international version. It worked fine with my Asus but it didn't work on my phone. I formatted this card using the phone,the tablet and my laptop  but didn't work I did some tests with apps using some apps nothing showed its not working the only way I got it to work is by formatting it in my Canon SLR camera.",4.0,Fast but not with out headachs,1357776000,2013-10-01,433,0,0
A28CTDM7OP0RAR,B007WTAJTO,Alan,"[0, 0]","It works but the actual R/W speeds are 18/8 MB/s, not even Class 10. It should be marketed as ""Sandisk Basic"", not Sandisk Ultra"", unless they mean ultra slow. Now is 2014 and there is no excuse for such slow card from Sandisk.*** UPDATE ***I have redone the test with NotePro 12.2"" instead of using non UHS-I PC and the latest results are 32/8.6MB/s. Since the read speed hits 30, I believe the device is DHS-I ready. Still underwhelmed by the write speed though.",2.0,Painfully slow,1395705600,2014-03-25,258,0,0
A18TUDLH3X67D0,B007WTAJTO,Alan,"[0, 0]",SanDisk Ultra 32 GB MicroSDHC C10/UHS1 Memory Card with Adapter...SanDisk Ultra 32 GB MicroSDHC C10/UHS1 Memory Card with Adapter...Works fine.,4.0,SanDisk Ultra 32 GB MicroSDHC C10/UHS1 Memory Card with Adapter...,1391126400,2014-01-31,311,0,0
A29NO61G1WH74V,B007WTAJTO,Alan Smithee,"[0, 0]",Great for adding a ton of storage to your smartphone or other device.  Fast enough for most needs and the price is right.,5.0,"Fast, tiny",1365724800,2013-12-04,369,0,0
A16RL0RMRF974O,B007WTAJTO,"Albert C. Marth ""Albert c. Marth""","[0, 0]","You can't possibly go wrong with a San Disc product!  Although I purchased this for my son, I have used San Disc in the past and have never been disappointed!",5.0,32GB SanDisk Ultra Bargain Buy,1390089600,2014-01-19,323,0,0
A1NA2JGI3GNDN2,B007WTAJTO,Albert,"[0, 0]",Does it's job and fairly cheap for what it's worth. I had to return my first one and exchange it for another because the first one was defective. Sandisk really needs to do better quality assurance on their products. The second one works perfectly fine. I use it for my GoPro camera.,3.0,Ok product,1399161600,2014-04-05,247,0,0
A1NZR4UN6DJQIO,B007WTAJTO,Albert,"[0, 0]","I bought this for my son's tablet for cartoon videos, movies and &#34;all&#34; games he will be downloading (He's under 5 yrs so they'll be small simple games).",4.0,Works great,1365724800,2013-12-04,369,0,0
A1ZSNM419DJAJP,B007WTAJTO,"Albert Macias Jr. ""Baretoes""","[0, 0]","I bought this for a friend of mine to put some videos on it.  Initially, when plugged into the computer, we couldn't find the storage in the directory.  However, after finding a micro sd to usb adapter...bingo!  Worked like a charm after that.  Install the videos, plugged the card in the phone, and we were off to the races.Not sure if we needed the adapter, but we couldn't get the computer to recognize it.  We also used a Linux O/S.  Go figure.",5.0,Samsung Galaxy Note II,1376784000,2013-08-18,477,0,0
A3OWHLRFOJ0UQ0,B007WTAJTO,"Alberto Figueroa ""U.S. Air Force""","[1, 1]","The Sandisk Ultra 64GB Micro Card is a great addition to maximize the Samsung Galaxy IIIS, whatever version you got 16GB or 32GB. Is a very fast memory at a great price. Plenty space for pictures, videos and Android Applications. Good for the 1080 videos that the Galaxy IIIS use. Super Fast. If you got the most advanced smartphone in the market as I do, this is the memory to get at the right price.",5.0,Great addition for Samsung Galaxy IIIS!,1350000000,2012-12-10,728,1,1
AUW0WFWUT9VJH,B007WTAJTO,Alberto,"[0, 0]",I installed this on my Samsung tablet tab 2 7.0. There is definitely a performance difference on my tablet especially when i load up all my apps.,5.0,Fast,1391385600,2014-03-02,281,0,0
A1XL0OHDWCL96U,B007WTAJTO,"Alberto Joao Briguet Nt ""A. Briguet""","[0, 0]",This memory works in Samsung Smartphones .It is a fast memorySandisk is the most reliable memories in the market,5.0,Very nice,1389571200,2014-01-13,329,0,0
A3HL0CALF52RAA,B007WTAJTO,ALBERTO MENDOZA ALVAREZ,"[0, 0]","Love it, good quality good performance, great brand. Could not find better product for my money. Using it for a Samsung Galaxy S4 mini with zero complications.",5.0,Great Product Great Price,1389312000,2014-10-01,68,0,0
ATE41IMLCAC2H,B007WTAJTO,Al Campbell,"[0, 0]","This product arrived in two days (Prime), it was exactly what I ordered and it works great in my Galaxy S3. I know a class 10 is not exactly needed in a cell phone but it cannot hurt, right? I'm very happy with this purchase.",5.0,"Quick delivery, exactly as ordered",1361923200,2013-02-27,649,0,0
AWGV0ZVKI7AG7,B007WTAJTO,Ale-B,"[0, 0]",I expanded my Samsung Tab 10.1 tablet from 1GB to 32GB works fast and don't see any lags. I can now store more than ten movies on my tab and play right of the flash disc with no problems.Very happy with this card.,5.0,I upgrade to better!,1383091200,2013-10-30,404,0,0
A2Z4VVF1NTJWPB,B007WTAJTO,A. Lee,"[5, 5]","Update: providing an update with regard to SanDisk support.I bought the memory card in Aug 2012 (see original review below). In May of 2013 while on my cruise to Alaska the card went bad. During the sailing out of San Francisco it was fine as I used it to take a panorama shot of the Golden Gate Bridge. For most of the cruise I was using my DSLR but the next time I wanted to use my cell phone, the phone told me I had no memory card loaded.  Any way, tested the card on my laptop when I got back and it couldn't recognize it. I contacted SanDisk via email and provide them copy of my receipt from Amazon along with the serial number on the back of the card (very hard to read) and no problems; they told me to send them back the card and they sent me a brand new card which is now still functioning in my cell phone.  Great support provide by SanDisk. No hassle as long as you can provide proof of purchase (easy to do since Amazon keeps my entire purchase history/invoices online).  One reason I buy directly from Amazon itself vs other vendors (either on Amazon or elsewhere on the Internet) is that I have confidence that the memory cards sold by Amazon itself are genuine.  there may be incredible deals elsewhere on the internet but in some cases the deals are too good to be true and counterfeit cards are being sold.Original review:Just received this today. Removed it from the packaging and inserted it into my Samsung Galaxy S3 (Verizon) and powered the unit back up and the storage was available.  No formatting required. Worked the first time out. Settings showed 29.71GB of total space (32GB version) and 29.71GB of free space.  I like the fact that a SD adapter came with it.  Should I ever need to insert the card into my laptop it will come in handy. (yes I can plug my phone directly to my laptop but if I ever swap this 32GB card out of my phone and replace it with a 64GB version, I can use this 32GB version via the adapter for other purposes.)",5.0,ready for use on the Galaxy S3,1346803200,2012-05-09,943,5,5
A3PCW69GQK8R38,B007WTAJTO,Alejandro Hernndez,"[0, 0]","Still don't feel is very fast or is just my phone, I guess I will need to remove it and run some R/W tests. Still Its ok.",3.0,Great capasity,1391385600,2014-03-02,281,0,0
A1UM44ILLZCEI1,B007WTAJTO,Aleksandar Milivojevic,"[1, 1]","I bought 64GB version of the card to use with GoPro Hero 3 black edition.  It didn't work out.  The card worked OK if camera was set to resolution with lower bit rates.  E.g. worked fine in 720p with protune on, or 1080p with protune off.  However, in 1080p with protune on (bitrate is just shy of 6 MB/s in this mode -- much higher then with protune turned off) it was nothing but trouble.  Camera would sometime work, and sometime randomly stop recording for no obvious reason.  I first suspected camera, but testing with different SD cards, it ended up being SanDisk's card that was at fault.  My spare card, an old and cheap 16GB PNY (also class 10), worked just fine under same conditions and with same camera settings.Once it was obvious it was problem with the card, I found people on GoPro's forums that had trouble with this specific card as well (well, you always find these only after you figure it out for yourself, right?).  Anyhow, I did some speed tests with the card by doing simple write of 1GB file full of zeros using Unix dd utility to copy 1GB of zeros from /dev/zero (where else would you find that many zeros ;-) onto a file on the card.  The result was that on average, SanDisk's card would manage about 10.2 MB/s.  Just barely above the bar for class 10 card.  However, that was average over 1GB.  During the write test, the speed was oscillating with many spikes and drops.  Drops were as low as 7MB/s.  Uh.  I thought write speed of class 10 card should never dip below 10 MB/s?  For comparison, my old cheap class 10 PNY card was chugging along at constant 13 MB/s under the same test.  No spikes and no drops in speed.The card will probably work fine in most devices, as bitrates when recording 1080p video are often low enough and/or camera might have huge buffer.  But if you want to use it to record video at high bitrates, and your device doesn't have huge buffer to compensate for speed bumps of this card, you may run into trouble.  Be wary of using it in Hero3 in modes that have higher bit rates (e.g. 1080p with protune enabled).SanDisk's website lists part numbers as SDSDQUI-064G with adapter, and SDSDQUA-064G without adapter.  This conflicts with product description on Amazon.  While this is likely just Amazon not getting product description right again (a bit too common thing), it's interesting to note.[Update Apr 20 2013]:Some numbers from testing the card.  The test is extremely simple.  Write out 1GB of zeros onto the card using standard Unix dd command to read 128KB blocks of zeroes from special device /dev/zero and write it onto the card.  128KB * 8192 = 1GB.  dd displays transfer stats once it finishes.  While dd was running, I run iostat in second terminal displaying 1 second interval stats as a measure of current speed.  This was done on the Mac.  dd command line can be used as-is to repeat test on Linux system, however iostat command is different on Linux and would need to be modified slightly.  I choose 128KB block size, as that seems to be what device drivers merges sequential writes into anyhow.  Using different block sizes, results are comparable.$ dd if=/dev/zero of=test bs=131072 count=81928192+0 records in8192+0 records out1073741824 bytes transferred in 101.578307 secs (10570582 bytes/sec)So, 10 MB/s and all is good? Right? Wrong! iostat running in parallel with above dd command recorded this:$ iostat -d -w 1 disk2disk2KB/t tps MB/s123.11 76 9.12116.61 185 21.04122.94 49 5.88128.00 41 5.12128.00 89 11.11128.00 134 16.73128.00 69 8.61128.00 61 7.62128.00 99 12.36[ ... and so on until dd finishes writing 1GB of zeros to the card ... ]IMO, the last column should never dip under 10MB/s for card labeled class-10.For comparison, same test run against Samsung Pro 64GB micro-SD card:$ dd if=/dev/zero of=test bs=131072 count=81928192+0 records in8192+0 records out1073741824 bytes transferred in 52.869111 secs (20309436 bytes/sec)$ iostat -d -w 1 disk2disk2KB/t tps MB/s125.30 138 16.86117.73 157 18.03123.04 150 18.00128.00 159 19.86128.00 156 19.47126.45 160 19.73128.00 150 18.72128.00 154 19.22128.00 153 19.11[ ... and so on until dd finishes writing 1GB of zeros to the card ... ]So, Samsung is on average 2x faster, but more importantly it's speed is much more constant.  And critically important, it never dips under 10MB/s.",2.0,Didn't work out for me,1364947200,2013-03-04,644,1,1
A36Z3LKJNKYF9E,B007WTAJTO,alexander,"[0, 0]",What else to say about this Sandisk Ultra 64 GB micro SD XC ? just perfect as all Sandisk cards,5.0,perfect,1403308800,2014-06-21,170,0,0
A1KN5OQGRNENU0,B007WTAJTO,Alexander Stevens,"[2, 3]",,5.0,Great Card With Great Price,1345507200,2012-08-21,839,2,3
A1MHMCO5B21KXU,B007WTAJTO,Alex & Autumn,"[0, 0]",My husband and I bought this for our GoPro and we used to to record our vacation to Mexico. We still have more than half of the space left!,5.0,You'd be surprised how much 64 GB is!,1399939200,2014-05-13,209,0,0
AO6DFAJQU3J81,B007WTAJTO,Alex Batista,"[1, 1]",This item is what it is; I've been using it for a few months now and it records HD videos in my GoPro Hero3 without problems.,5.0,Good Quality Card,1384992000,2013-11-21,382,1,1
A1AD3VN3XQDABE,B007WTAJTO,Alex Choung,"[0, 0]","This is my third purchase. I own 4 of them and they've been working fine so far. I have them installed on my smart phone, cameras and even used as a portable storage device and I have not noticed any issues with them. Very good product.",5.0,"Good for camera, smart phone, etc...",1362096000,2013-01-03,704,0,0
A21MLQQXFC7VGU,B007WTAJTO,alex Dahik,"[0, 0]","i love this little guy its super fast and it has a lot of space for storage, just plug it in and enjoy",5.0,amazing,1359936000,2013-04-02,615,0,0
A39FMRGSYGLO45,B007WTAJTO,Alex,"[0, 0]",Bought it for my gopro hero3 camera (silver edition).Working without any problems. Fast!Was pleasantly surprised of the good quality Memory Card Adapter! Now can turn it into my laptop directly.,5.0,Good one!,1369958400,2013-05-31,556,0,0
AYN1HF8LHP9IF,B007WTAJTO,alex,"[0, 0]","It is a great addition to a smart phone with huge capacity to store data. Also it is pretty fast to record video, no lag at all during recording.",5.0,Great capacity.,1367280000,2013-04-30,587,0,0
A1MOG0V4LFZQO,B007WTAJTO,Alex,"[0, 0]",The micro SD card was very well made it had great read and write speeds and it added gray amount of memory to my Samsung galaxy s4. Really recommend this,5.0,Great product,1372636800,2013-01-07,700,0,0
AGJZFJV3AHXU5,B007WTAJTO,Alex,"[1, 1]","I bought this item to use in my gopro hero 3 because it's what they sell on the gopro website, but can be had a lot cheaper on Amazon.  Have yet to have problems with the card.",5.0,great sd card,1376352000,2013-08-13,482,1,1
A34JJC0M0TNHCC,B007WTAJTO,Alex Pomilio,"[0, 0]","Works perfectly and for a fair price, it is immediately recognized by any device you use it . Good purchase!",5.0,Excellent!,1391731200,2014-07-02,159,0,0
A6PMHCZJD9FUM,B007WTAJTO,"Alex ""Tell it like it is""","[0, 0]","Needs little to no formatting and I have yet to see a SanDisk fail. Don't cut corners, almost every other brand of SD cards will fail on you except these (tried numerous brands with my devices).Just remember it takes a bit for devices to buffer the information off of the SD card and static can corrupt any SD card which is usually easily fixed with a formatting. Always back up your documents to a PC/Mac as soon as possible.Oh, and if you create playlists, slideshows, etc. on devices and remove the SD card, the device will not be smart enough to re-compile it after you put the SD card back in and you will end up with blank playlists even though you have the songs so WATCH OUT!Lastly if this SD card doesn't work for you for whatever reason google SD card formatting and it should help you out. These 64GB versions don't seem to have formatting issues like the 32GB ones do but even then formatting to FAT32 fixes it.",5.0,Awesome and works just fine,1378857600,2013-11-09,394,0,0
A3AIYSY68GVG2N,B007WTAJTO,Alex Vastartis,"[0, 0]",SanDisk is a company you can trust and offering such a good product at a low price.Comes with an adapter and small case to get full sd card size and keep it from getting lost when not in use.,5.0,Cheap Easy Storage,1404172800,2014-01-07,335,0,0
A2TQU474BN6JP1,B007WTAJTO,Alex X,"[0, 0]","Appears to be Class 10, holds about as much as it says it does, came with an SD card adapter and they even gave me the option to forgo those ridiculous plastic packages that you all know and hate. The ones that the scissors refuse to cut and you just end up hurting yourself a few times before getting it open. Completely as advertised.",5.0,Nothing wrong at all.,1362960000,2013-11-03,400,0,0
A3UKIMS698FI6J,B007WTAJTO,Alex Zimmerman,"[0, 0]",I bought this card for my Gopro hero3+ and it was worked fine. Some people said they have problems with the cards in the new gopros but I have had no such problems. The micro card works with anything that also takes standard cards due to the included adapter.,5.0,Works as intended,1383177600,2013-10-31,403,0,0
A1T3IFYJ59UFOQ,B007WTAJTO,Al Girardot,"[0, 0]",Have always had good experiences with SanDisk products.  This was priced well.  I have installed it in my wife's cell phone and it was immediately  recognized.  Not quite sure about the features this chip is supposed to have but for the amount of memory it was a good deal - extra features or not.,5.0,Arrived promptly and it was what I ordered,1362182400,2013-02-03,673,0,0
A1OKTNPURCNYKX,B007WTAJTO,A.L,"[0, 0]",Comes with a nice little adapter for your MicroSDHC so you can use it as a normal size SD card also. pretty neat.Considering for the price at 24$ for 32gb is pretty reasonable class 10 is fast for any HD 1080p video recording or DSLR camera.I bought this for myself to use with the GoPro 3. Taking picture & Videos working great as it didn't give anycorrupted files videos & pictures yet. Its working pretty good. San-disk is a pretty reliable brand as you won't be able to go wrong with it.,5.0,32GB SDHC for Me,1371686400,2013-06-20,536,0,0
A2S71GBBSMZBO6,B007WTAJTO,Al,"[0, 0]","Great value, plenty of storage for both my phone & tablet!  I looked around and this is a really good deal.",5.0,Great Value!,1386201600,2013-05-12,575,0,0
AYMGKDLMEN0A5,B007WTAJTO,AL,"[0, 0]",Shipped fast and worked really well!  I use this just in case I have to take a lot of photos! Loads fast!,5.0,Works very well!,1400025600,2014-05-14,208,0,0
A2T71JNR3C2DY1,B007WTAJTO,"Ali Etezadkhah ""Ali""","[0, 0]","I have an old SanDisk SD card that still works. I thought their new cards would be just as reliable, but I was wrong.The microsd card failed yesterday inside my phone. I used the adapter to connect it to my computer, but it wouldn't mount.I bought this directly from Amazon and not a third party vendor, so I know it's genuine SanDisk.",1.0,Failed after 6 months,1371859200,2013-06-22,534,0,0
A1L8O2OJX1S8PE,B007WTAJTO,Ali G Sandoval,"[0, 0]",Best price anywhere!!!,5.0,Five Stars,1405296000,2014-07-14,147,0,0
A1ENX274Q7M6PD,B007WTAJTO,Ali M. Faraj,"[0, 0]",I bought this memory card for my Samsung Note 10.1. i amis really happy about it and i am recommending this product & am very pleased about it.,5.0,Great !!,1359244800,2013-01-27,680,0,0
A5L34G2P8LQKJ,B007WTAJTO,Ali Saberi,"[0, 0]","Shipping was fast , the product has a great quality and a great pricing.I like this manufacture and I am going to order them for my other devices.Lots of space",5.0,Good performance,1395187200,2014-03-19,264,0,0
A38I3TXSFLGQTD,B007WTAJTO,Alisha,"[0, 0]",So far so good. I bought a samsung micro sd card from bestbuy and it somehow erasedeverything. So this is my second one. Hopefully it keeps all of my stuff,4.0,Good price!,1386201600,2013-05-12,575,0,0
A294SAGR2QHARD,B007WTAJTO,alisha,"[0, 0]",still have 26 gb left came in HARD CASE  FORE PROTECTION,4.0,Four Stars,1405036800,2014-11-07,31,0,0
A3GW32TC64P8FD,B007WTAJTO,Ali Tweel,"[0, 0]","I'm using this SD card in my Samsung Galaxy S3 instead of another one I bought with the same manufacture ""SanDisk 32 GB Mobile microSDHC Flash Memory Card SDSDQ-032G-AFFP"" (http://www.amazon.com/gp/product/B007KFXIDE/ref=oh_details_o04_s00_i02?ie=UTF8&psc;=1).It's working perfectly since October 2012.",5.0,The Best SD Card I've ever had,1369526400,2013-05-26,561,0,0
A87U7LY9OKZNY,B007WTAJTO,A. Liu,"[0, 0]",Used it in my Galaxy Note 2 for the past 16 months. All the sudden it is no longer writable. I tried many ways to reformat the card. Even Windows says format successful but all files remain after I remove and re-insert the card. Since I have private files in the card I'm not able to delete. I do not want to sent it back to SanDisk for replacement.,2.0,Not writable after 16 months,1398988800,2014-02-05,306,0,0
A256SA0PNN78BD,B007WTAJTO,aljacobs,"[0, 0]","Usual SanDisk quality worked as expected and delivered on time, no problems worked great on my Android Samsung Tablet.",5.0,Good Stuff- Small Package,1404864000,2014-09-07,92,0,0
A3QU89RBYRMR67,B007WTAJTO,ALJ,"[0, 0]","Put in the lumix camera and it works fast and great, no complaints, never had any issues, highly recommended, this brand always comes through  .",5.0,Perfect,1366243200,2013-04-18,599,0,0
